[{"name":"Ramon","age":14,"class":8,"state":"Kansas"},
{"name":"Ewan","age":14,"class":11,"state":"Michigan"},
{"name":"Adelina","age":14,"class":8,"state":"Florida"},
{"name":"Gayelord","age":14,"class":9,"state":"Florida"},
{"name":"Louise","age":14,"class":9,"state":"Kentucky"},
{"name":"Arny","age":14,"class":8,"state":"Alabama"},
{"name":"Pamella","age":14,"class":10,"state":"District of Columbia"},
{"name":"Jori","age":14,"class":8,"state":"North Carolina"},
{"name":"Alvan","age":14,"class":8,"state":"California"},
{"name":"Joceline","age":14,"class":9,"state":"Nevada"},
{"name":"Caldwell","age":14,"class":10,"state":"Texas"},
{"name":"Burl","age":14,"class":11,"state":"Nevada"},
{"name":"Lurleen","age":14,"class":10,"state":"Louisiana"},
{"name":"Ianthe","age":14,"class":9,"state":"South Dakota"},
{"name":"Miranda","age":14,"class":9,"state":"North Carolina"},
{"name":"Kelci","age":14,"class":12,"state":"Utah"},
{"name":"Torrie","age":14,"class":8,"state":"District of Columbia"},
{"name":"Kent","age":14,"class":8,"state":"California"},
{"name":"Patricia","age":14,"class":8,"state":"Pennsylvania"},
{"name":"Elsi","age":14,"class":8,"state":"Texas"},
{"name":"Joaquin","age":14,"class":11,"state":"District of Columbia"},
{"name":"Becky","age":14,"class":10,"state":"Texas"},
{"name":"Rozelle","age":14,"class":9,"state":"Texas"},
{"name":"Ches","age":14,"class":10,"state":"New York"},
{"name":"Andrus","age":14,"class":9,"state":"Massachusetts"},
{"name":"Lisha","age":14,"class":8,"state":"Texas"},
{"name":"Jannelle","age":14,"class":8,"state":"Texas"},
{"name":"Chip","age":14,"class":11,"state":"North Carolina"},
{"name":"Gregorius","age":14,"class":10,"state":"North Carolina"},
{"name":"Hardy","age":14,"class":8,"state":"Alabama"},
{"name":"Tadd","age":14,"class":10,"state":"North Carolina"},
{"name":"Hyatt","age":14,"class":10,"state":"Arizona"},
{"name":"Noemi","age":14,"class":8,"state":"Minnesota"},
{"name":"Freddi","age":14,"class":10,"state":"Washington"},
{"name":"Dulsea","age":14,"class":8,"state":"Alabama"},
{"name":"Blakelee","age":14,"class":12,"state":"Virginia"},
{"name":"Cozmo","age":14,"class":8,"state":"Texas"},
{"name":"Earvin","age":14,"class":9,"state":"Florida"},
{"name":"Sharai","age":14,"class":12,"state":"Pennsylvania"},
{"name":"Tuckie","age":14,"class":10,"state":"Michigan"},
{"name":"Elmira","age":14,"class":8,"state":"Florida"},
{"name":"Bellina","age":14,"class":12,"state":"Connecticut"},
{"name":"Adelheid","age":14,"class":9,"state":"Georgia"},
{"name":"Dion","age":14,"class":8,"state":"Minnesota"},
{"name":"Phillipe","age":14,"class":9,"state":"Georgia"},
{"name":"Kippie","age":14,"class":11,"state":"North Carolina"},
{"name":"Isadora","age":14,"class":8,"state":"Florida"},
{"name":"Christoforo","age":14,"class":8,"state":"North Carolina"},
{"name":"Belita","age":14,"class":11,"state":"New Mexico"},
{"name":"Karia","age":14,"class":10,"state":"California"},
{"name":"Babs","age":14,"class":11,"state":"North Carolina"},
{"name":"Terry","age":14,"class":11,"state":"District of Columbia"},
{"name":"Fax","age":14,"class":12,"state":"Missouri"},
{"name":"Noreen","age":14,"class":8,"state":"Pennsylvania"},
{"name":"Reggis","age":14,"class":12,"state":"Colorado"},
{"name":"Jared","age":14,"class":8,"state":"Connecticut"},
{"name":"Fraze","age":14,"class":8,"state":"Wisconsin"},
{"name":"Dorthea","age":14,"class":8,"state":"Florida"},
{"name":"Sioux","age":14,"class":9,"state":"Texas"},
{"name":"Davida","age":14,"class":8,"state":"Alabama"},
{"name":"Vale","age":14,"class":9,"state":"Colorado"},
{"name":"Lisetta","age":14,"class":11,"state":"Pennsylvania"},
{"name":"Ogdon","age":14,"class":10,"state":"Texas"},
{"name":"Sisely","age":14,"class":8,"state":"Arkansas"},
{"name":"Malcolm","age":14,"class":9,"state":"Delaware"},
{"name":"Kati","age":14,"class":12,"state":"California"},
{"name":"Lyndsay","age":14,"class":11,"state":"Colorado"},
{"name":"Winnah","age":14,"class":11,"state":"Arizona"},
{"name":"Marcel","age":14,"class":10,"state":"Florida"},
{"name":"Marline","age":14,"class":11,"state":"Missouri"},
{"name":"Melinda","age":14,"class":8,"state":"Ohio"},
{"name":"Waverley","age":14,"class":9,"state":"Ohio"},
{"name":"Perkin","age":14,"class":12,"state":"Texas"},
{"name":"Kellie","age":14,"class":12,"state":"Texas"},
{"name":"Marina","age":14,"class":12,"state":"North Carolina"},
{"name":"Delly","age":14,"class":9,"state":"Washington"},
{"name":"Whitby","age":14,"class":10,"state":"Idaho"},
{"name":"Carmon","age":14,"class":9,"state":"Georgia"},
{"name":"Boothe","age":14,"class":9,"state":"District of Columbia"},
{"name":"Patsy","age":14,"class":11,"state":"Michigan"},
{"name":"Alexandra","age":14,"class":12,"state":"Texas"},
{"name":"Berget","age":14,"class":9,"state":"Alabama"},
{"name":"Tommie","age":14,"class":11,"state":"Wisconsin"},
{"name":"Thomasin","age":14,"class":12,"state":"Ohio"},
{"name":"Lilia","age":14,"class":8,"state":"New Jersey"},
{"name":"Lorin","age":14,"class":8,"state":"Texas"},
{"name":"Euphemia","age":14,"class":9,"state":"Illinois"},
{"name":"Sophronia","age":14,"class":10,"state":"Connecticut"},
{"name":"Meade","age":14,"class":8,"state":"California"},
{"name":"Ludvig","age":14,"class":10,"state":"Texas"},
{"name":"Moyra","age":14,"class":11,"state":"Florida"},
{"name":"Winna","age":14,"class":11,"state":"California"},
{"name":"Judd","age":14,"class":12,"state":"Ohio"},
{"name":"Corney","age":14,"class":12,"state":"Colorado"},
{"name":"Whitaker","age":14,"class":9,"state":"Hawaii"},
{"name":"Dmitri","age":14,"class":8,"state":"Colorado"},
{"name":"Meryl","age":14,"class":12,"state":"North Carolina"},
{"name":"Ninetta","age":14,"class":11,"state":"Virginia"},
{"name":"Baryram","age":14,"class":11,"state":"Minnesota"},
{"name":"Elysee","age":14,"class":9,"state":"New York"},
{"name":"Cly","age":14,"class":8,"state":"California"},
{"name":"Garrot","age":14,"class":11,"state":"California"},
{"name":"Pete","age":14,"class":11,"state":"Ohio"},
{"name":"Isabelle","age":14,"class":8,"state":"Virginia"},
{"name":"Lockwood","age":14,"class":10,"state":"Georgia"},
{"name":"Crystal","age":14,"class":9,"state":"Florida"},
{"name":"Chrystal","age":14,"class":10,"state":"Missouri"},
{"name":"Cathy","age":14,"class":11,"state":"Illinois"},
{"name":"Eal","age":14,"class":11,"state":"California"},
{"name":"Devonna","age":14,"class":9,"state":"Florida"},
{"name":"Franciskus","age":14,"class":8,"state":"Colorado"},
{"name":"Talbert","age":14,"class":12,"state":"Florida"},
{"name":"Sacha","age":14,"class":9,"state":"West Virginia"},
{"name":"Nicole","age":14,"class":8,"state":"Virginia"},
{"name":"Sue","age":14,"class":9,"state":"North Carolina"},
{"name":"Lynette","age":14,"class":10,"state":"New York"},
{"name":"Elonore","age":14,"class":11,"state":"Arizona"},
{"name":"Griz","age":14,"class":11,"state":"Georgia"},
{"name":"Dermot","age":14,"class":11,"state":"California"},
{"name":"Shae","age":14,"class":12,"state":"Georgia"},
{"name":"Trish","age":14,"class":9,"state":"Virginia"},
{"name":"Tatum","age":14,"class":10,"state":"Tennessee"},
{"name":"Georgy","age":14,"class":9,"state":"Mississippi"},
{"name":"Merrile","age":14,"class":8,"state":"Nevada"},
{"name":"Craig","age":14,"class":10,"state":"Illinois"},
{"name":"Antoine","age":14,"class":12,"state":"Louisiana"},
{"name":"Darwin","age":14,"class":8,"state":"Nevada"},
{"name":"Xerxes","age":14,"class":12,"state":"Florida"},
{"name":"Erv","age":14,"class":11,"state":"Virginia"},
{"name":"Jacquelin","age":14,"class":10,"state":"Nevada"},
{"name":"Berry","age":14,"class":8,"state":"California"},
{"name":"Khalil","age":14,"class":11,"state":"District of Columbia"},
{"name":"Druci","age":14,"class":8,"state":"California"},
{"name":"Kizzie","age":14,"class":10,"state":"Ohio"},
{"name":"Britt","age":14,"class":8,"state":"Alabama"},
{"name":"Vernen","age":14,"class":8,"state":"California"},
{"name":"Amber","age":14,"class":8,"state":"California"},
{"name":"Nora","age":14,"class":9,"state":"Georgia"},
{"name":"Mahmud","age":14,"class":11,"state":"Mississippi"},
{"name":"Doti","age":14,"class":12,"state":"Alabama"},
{"name":"Gertrude","age":14,"class":11,"state":"Ohio"},
{"name":"Chancey","age":14,"class":8,"state":"Kansas"},
{"name":"Jackquelin","age":14,"class":10,"state":"Washington"},
{"name":"Eddie","age":14,"class":9,"state":"Maryland"},
{"name":"Hagen","age":14,"class":11,"state":"California"},
{"name":"Brion","age":14,"class":10,"state":"Pennsylvania"},
{"name":"Jennilee","age":14,"class":10,"state":"Michigan"},
{"name":"Nealon","age":14,"class":12,"state":"Missouri"},
{"name":"Lyda","age":14,"class":11,"state":"Indiana"},
{"name":"Estevan","age":14,"class":9,"state":"California"},
{"name":"Braden","age":14,"class":10,"state":"Georgia"},
{"name":"Armando","age":14,"class":9,"state":"California"},
{"name":"Felike","age":14,"class":9,"state":"Texas"},
{"name":"Roseann","age":14,"class":10,"state":"North Carolina"},
{"name":"Thurstan","age":14,"class":12,"state":"Arizona"},
{"name":"Nicko","age":14,"class":9,"state":"West Virginia"},
{"name":"Dennet","age":14,"class":8,"state":"North Carolina"},
{"name":"Crystie","age":14,"class":10,"state":"Washington"},
{"name":"Sheba","age":14,"class":11,"state":"Oklahoma"},
{"name":"Dody","age":14,"class":12,"state":"Ohio"},
{"name":"Bevin","age":14,"class":10,"state":"New York"},
{"name":"Keelia","age":14,"class":11,"state":"Pennsylvania"},
{"name":"Heidie","age":14,"class":8,"state":"New Jersey"},
{"name":"King","age":14,"class":8,"state":"California"},
{"name":"Charline","age":14,"class":9,"state":"Georgia"},
{"name":"Aymer","age":14,"class":8,"state":"Utah"},
{"name":"Felicia","age":14,"class":11,"state":"Maryland"},
{"name":"Nicol","age":14,"class":9,"state":"Florida"},
{"name":"Rosaline","age":14,"class":10,"state":"Arizona"},
{"name":"Gavan","age":14,"class":9,"state":"New York"},
{"name":"Alfy","age":14,"class":9,"state":"Louisiana"},
{"name":"Mia","age":14,"class":11,"state":"Virginia"},
{"name":"Marcellina","age":14,"class":12,"state":"Texas"},
{"name":"Allix","age":14,"class":8,"state":"Iowa"},
{"name":"Marchelle","age":14,"class":10,"state":"Indiana"},
{"name":"Nissa","age":14,"class":10,"state":"New Hampshire"},
{"name":"Kathie","age":14,"class":9,"state":"California"},
{"name":"Gianina","age":14,"class":10,"state":"Oklahoma"},
{"name":"Dianemarie","age":14,"class":8,"state":"Illinois"},
{"name":"Hildegaard","age":14,"class":8,"state":"Illinois"},
{"name":"Bathsheba","age":14,"class":10,"state":"Texas"},
{"name":"Sophie","age":14,"class":11,"state":"Florida"},
{"name":"Bernice","age":14,"class":10,"state":"California"},
{"name":"Kandace","age":14,"class":11,"state":"Louisiana"},
{"name":"Kacie","age":14,"class":8,"state":"Wisconsin"},
{"name":"Reggy","age":14,"class":8,"state":"Missouri"},
{"name":"Corney","age":14,"class":12,"state":"Georgia"},
{"name":"Lexi","age":14,"class":9,"state":"Texas"},
{"name":"Che","age":14,"class":8,"state":"Virginia"},
{"name":"Luci","age":14,"class":8,"state":"Texas"},
{"name":"Elias","age":14,"class":11,"state":"Texas"},
{"name":"Rowena","age":14,"class":10,"state":"New York"},
{"name":"Tamra","age":14,"class":11,"state":"Arizona"},
{"name":"Van","age":14,"class":9,"state":"California"},
{"name":"Izaak","age":14,"class":10,"state":"Washington"},
{"name":"Ransell","age":14,"class":12,"state":"Texas"},
{"name":"Jaquith","age":14,"class":9,"state":"Illinois"},
{"name":"Charis","age":14,"class":12,"state":"Arizona"},
{"name":"Arleyne","age":14,"class":12,"state":"Michigan"},
{"name":"Moise","age":14,"class":11,"state":"District of Columbia"},
{"name":"Callean","age":14,"class":12,"state":"Nevada"},
{"name":"Cathrin","age":14,"class":8,"state":"Pennsylvania"},
{"name":"Edi","age":14,"class":10,"state":"Florida"},
{"name":"Andra","age":14,"class":10,"state":"South Dakota"},
{"name":"Fowler","age":14,"class":8,"state":"Illinois"},
{"name":"Isacco","age":14,"class":11,"state":"Texas"},
{"name":"Candra","age":14,"class":12,"state":"Connecticut"},
{"name":"Olga","age":14,"class":12,"state":"Louisiana"},
{"name":"Tomasina","age":14,"class":12,"state":"Texas"},
{"name":"Jannel","age":14,"class":12,"state":"Nevada"},
{"name":"Elfreda","age":14,"class":9,"state":"Missouri"},
{"name":"Sayers","age":14,"class":11,"state":"Massachusetts"},
{"name":"Tory","age":14,"class":12,"state":"California"},
{"name":"Gusella","age":14,"class":8,"state":"Virginia"},
{"name":"Mirabel","age":14,"class":10,"state":"Oklahoma"},
{"name":"Taite","age":14,"class":9,"state":"Ohio"},
{"name":"Iorgos","age":14,"class":11,"state":"Nevada"},
{"name":"Jarrod","age":14,"class":10,"state":"Mississippi"},
{"name":"Daphene","age":14,"class":9,"state":"Louisiana"},
{"name":"Myrvyn","age":14,"class":8,"state":"Utah"},
{"name":"Padraig","age":14,"class":8,"state":"Oklahoma"},
{"name":"Caresse","age":14,"class":9,"state":"Colorado"},
{"name":"Francklin","age":14,"class":11,"state":"California"},
{"name":"Ermin","age":14,"class":12,"state":"Texas"},
{"name":"Lukas","age":14,"class":9,"state":"California"},
{"name":"Talia","age":14,"class":9,"state":"Texas"},
{"name":"Ilsa","age":14,"class":9,"state":"Wisconsin"},
{"name":"Janella","age":14,"class":12,"state":"Oklahoma"},
{"name":"Terrance","age":14,"class":8,"state":"Tennessee"},
{"name":"Lotty","age":14,"class":10,"state":"Massachusetts"},
{"name":"Elberta","age":14,"class":12,"state":"Minnesota"},
{"name":"Marni","age":14,"class":12,"state":"Connecticut"},
{"name":"Bertie","age":14,"class":10,"state":"New Jersey"},
{"name":"Karly","age":14,"class":11,"state":"Texas"},
{"name":"Irina","age":14,"class":12,"state":"Texas"},
{"name":"Aldrich","age":14,"class":11,"state":"West Virginia"},
{"name":"Malena","age":14,"class":10,"state":"Utah"},
{"name":"Veradis","age":14,"class":11,"state":"Tennessee"},
{"name":"Miltie","age":14,"class":12,"state":"Washington"},
{"name":"Klara","age":14,"class":12,"state":"New York"},
{"name":"Lainey","age":14,"class":9,"state":"Texas"},
{"name":"Gladi","age":14,"class":11,"state":"Florida"},
{"name":"Sarine","age":14,"class":12,"state":"South Carolina"},
{"name":"Serena","age":14,"class":8,"state":"California"},
{"name":"Cleon","age":14,"class":11,"state":"New Jersey"},
{"name":"Dew","age":14,"class":12,"state":"Massachusetts"},
{"name":"Viviene","age":14,"class":11,"state":"Illinois"},
{"name":"Baxie","age":14,"class":12,"state":"Alabama"},
{"name":"Weylin","age":14,"class":11,"state":"Florida"},
{"name":"Rickard","age":14,"class":10,"state":"Florida"},
{"name":"Daniella","age":14,"class":9,"state":"Pennsylvania"},
{"name":"Cirstoforo","age":14,"class":10,"state":"New York"},
{"name":"Ike","age":14,"class":8,"state":"Arkansas"},
{"name":"Humphrey","age":14,"class":11,"state":"California"},
{"name":"Dell","age":14,"class":10,"state":"South Dakota"},
{"name":"Flss","age":14,"class":12,"state":"California"},
{"name":"Zarah","age":14,"class":12,"state":"Pennsylvania"},
{"name":"Alanna","age":14,"class":8,"state":"Maryland"},
{"name":"Lammond","age":14,"class":10,"state":"Colorado"},
{"name":"Yorgo","age":14,"class":10,"state":"West Virginia"},
{"name":"Ephrayim","age":14,"class":9,"state":"Indiana"},
{"name":"Bev","age":14,"class":11,"state":"Ohio"},
{"name":"Vito","age":14,"class":11,"state":"Colorado"},
{"name":"Penelopa","age":14,"class":11,"state":"Alabama"},
{"name":"Shalom","age":14,"class":9,"state":"Indiana"},
{"name":"Donnajean","age":14,"class":9,"state":"Louisiana"},
{"name":"Susan","age":14,"class":10,"state":"Florida"},
{"name":"Clair","age":14,"class":9,"state":"Florida"},
{"name":"Guinevere","age":14,"class":9,"state":"Hawaii"},
{"name":"Asia","age":14,"class":9,"state":"Ohio"},
{"name":"Sheridan","age":14,"class":10,"state":"Iowa"},
{"name":"Davey","age":14,"class":12,"state":"Pennsylvania"},
{"name":"Lexie","age":14,"class":8,"state":"Ohio"},
{"name":"Jeanne","age":14,"class":10,"state":"Massachusetts"},
{"name":"Rickie","age":14,"class":10,"state":"Maryland"},
{"name":"Elvina","age":14,"class":8,"state":"Hawaii"},
{"name":"Millisent","age":14,"class":12,"state":"Washington"},
{"name":"Whitney","age":14,"class":10,"state":"Utah"},
{"name":"Sianna","age":14,"class":9,"state":"North Carolina"},
{"name":"Dodi","age":14,"class":9,"state":"Texas"},
{"name":"Adelaida","age":14,"class":11,"state":"Pennsylvania"},
{"name":"Cedric","age":14,"class":8,"state":"Florida"},
{"name":"Esmeralda","age":14,"class":10,"state":"California"},
{"name":"James","age":14,"class":12,"state":"Maryland"},
{"name":"Nathanil","age":14,"class":12,"state":"California"},
{"name":"Monro","age":14,"class":9,"state":"Texas"},
{"name":"De","age":14,"class":8,"state":"Georgia"},
{"name":"Valry","age":14,"class":11,"state":"Minnesota"},
{"name":"Jaquelyn","age":14,"class":10,"state":"Georgia"},
{"name":"Shelia","age":14,"class":8,"state":"Minnesota"},
{"name":"Carter","age":14,"class":12,"state":"Pennsylvania"},
{"name":"Ernesta","age":14,"class":10,"state":"Montana"},
{"name":"Thornie","age":14,"class":11,"state":"Connecticut"},
{"name":"Dorothee","age":14,"class":11,"state":"Ohio"},
{"name":"Luke","age":14,"class":10,"state":"Washington"},
{"name":"Conny","age":14,"class":8,"state":"Kansas"},
{"name":"Christy","age":14,"class":9,"state":"Pennsylvania"},
{"name":"Scarface","age":14,"class":8,"state":"New York"},
{"name":"Regan","age":14,"class":11,"state":"Delaware"},
{"name":"Berkie","age":14,"class":12,"state":"Nebraska"},
{"name":"Chico","age":14,"class":12,"state":"Texas"},
{"name":"Aldis","age":14,"class":11,"state":"Ohio"},
{"name":"Gretna","age":14,"class":9,"state":"Missouri"},
{"name":"Chloe","age":14,"class":10,"state":"Colorado"},
{"name":"Ranee","age":14,"class":11,"state":"Minnesota"},
{"name":"Selene","age":14,"class":11,"state":"Pennsylvania"},
{"name":"Padraic","age":14,"class":11,"state":"Indiana"},
{"name":"Bevin","age":14,"class":11,"state":"Texas"},
{"name":"Amabelle","age":14,"class":12,"state":"California"},
{"name":"Trina","age":14,"class":10,"state":"Pennsylvania"},
{"name":"Cassie","age":14,"class":10,"state":"Pennsylvania"},
{"name":"Atlante","age":14,"class":12,"state":"Washington"},
{"name":"Genevra","age":14,"class":10,"state":"Iowa"},
{"name":"Sigismondo","age":14,"class":11,"state":"Washington"},
{"name":"Deane","age":14,"class":12,"state":"Georgia"},
{"name":"Kingston","age":14,"class":11,"state":"New Mexico"},
{"name":"Tirrell","age":14,"class":11,"state":"California"},
{"name":"Thia","age":14,"class":11,"state":"Texas"},
{"name":"Hercule","age":14,"class":11,"state":"New Jersey"},
{"name":"Shaina","age":14,"class":9,"state":"California"},
{"name":"Sybille","age":14,"class":8,"state":"Missouri"},
{"name":"Katti","age":14,"class":8,"state":"Pennsylvania"},
{"name":"Zia","age":14,"class":11,"state":"California"},
{"name":"Corilla","age":14,"class":11,"state":"Illinois"},
{"name":"Jessee","age":14,"class":11,"state":"District of Columbia"},
{"name":"Isabelle","age":14,"class":11,"state":"Virginia"},
{"name":"Rriocard","age":14,"class":10,"state":"Ohio"},
{"name":"Cinnamon","age":14,"class":11,"state":"Indiana"},
{"name":"Jehanna","age":14,"class":8,"state":"Ohio"},
{"name":"Titus","age":14,"class":10,"state":"Florida"},
{"name":"Melamie","age":14,"class":10,"state":"Minnesota"},
{"name":"Emelen","age":14,"class":10,"state":"Louisiana"},
{"name":"Bale","age":14,"class":10,"state":"California"},
{"name":"Cristin","age":14,"class":12,"state":"Florida"},
{"name":"Rolph","age":14,"class":11,"state":"Illinois"},
{"name":"Celestyn","age":14,"class":12,"state":"Mississippi"},
{"name":"Arleta","age":14,"class":12,"state":"Florida"},
{"name":"Barbe","age":14,"class":10,"state":"Maryland"},
{"name":"Zacharias","age":14,"class":11,"state":"Texas"},
{"name":"Celka","age":14,"class":12,"state":"Texas"},
{"name":"Kenton","age":14,"class":11,"state":"Iowa"},
{"name":"Ike","age":14,"class":10,"state":"Colorado"},
{"name":"Berkly","age":14,"class":11,"state":"New York"},
{"name":"Cam","age":14,"class":9,"state":"Tennessee"},
{"name":"Eryn","age":14,"class":11,"state":"Tennessee"},
{"name":"Kayle","age":14,"class":12,"state":"Ohio"},
{"name":"Yoshiko","age":14,"class":10,"state":"Colorado"},
{"name":"Micki","age":14,"class":12,"state":"Florida"},
{"name":"Helena","age":14,"class":10,"state":"California"},
{"name":"Barbey","age":14,"class":9,"state":"North Carolina"},
{"name":"Gustie","age":14,"class":11,"state":"Georgia"},
{"name":"Louella","age":14,"class":9,"state":"Texas"},
{"name":"Enrica","age":14,"class":12,"state":"Texas"},
{"name":"Danila","age":14,"class":10,"state":"Texas"},
{"name":"Rowan","age":14,"class":12,"state":"Georgia"},
{"name":"Andy","age":14,"class":9,"state":"California"},
{"name":"Genia","age":14,"class":8,"state":"Iowa"},
{"name":"Tedda","age":14,"class":8,"state":"California"},
{"name":"Constancy","age":14,"class":9,"state":"California"},
{"name":"Payton","age":14,"class":10,"state":"Florida"},
{"name":"Amble","age":14,"class":10,"state":"Utah"},
{"name":"Lorianna","age":14,"class":12,"state":"Texas"},
{"name":"Rochella","age":14,"class":11,"state":"Alabama"},
{"name":"Granger","age":14,"class":10,"state":"Mississippi"},
{"name":"Theodoric","age":14,"class":12,"state":"Florida"},
{"name":"Annamarie","age":14,"class":10,"state":"New York"},
{"name":"Phil","age":14,"class":10,"state":"Georgia"},
{"name":"Anet","age":14,"class":9,"state":"Virginia"},
{"name":"Sheeree","age":14,"class":9,"state":"California"},
{"name":"Raleigh","age":14,"class":11,"state":"Hawaii"},
{"name":"Rafaello","age":14,"class":9,"state":"Colorado"},
{"name":"Garnet","age":14,"class":9,"state":"Arizona"},
{"name":"Diane","age":14,"class":9,"state":"Oregon"},
{"name":"Rickard","age":14,"class":10,"state":"Iowa"},
{"name":"Charlot","age":14,"class":11,"state":"Mississippi"},
{"name":"Adolph","age":14,"class":9,"state":"Illinois"},
{"name":"Farley","age":14,"class":10,"state":"Missouri"},
{"name":"Franky","age":14,"class":9,"state":"Tennessee"},
{"name":"Mala","age":14,"class":9,"state":"Virginia"},
{"name":"Klara","age":14,"class":9,"state":"Tennessee"},
{"name":"Thebault","age":14,"class":11,"state":"Idaho"},
{"name":"Rani","age":14,"class":8,"state":"Kansas"},
{"name":"Nollie","age":14,"class":8,"state":"Pennsylvania"},
{"name":"Cristina","age":14,"class":8,"state":"West Virginia"},
{"name":"Gaspar","age":14,"class":12,"state":"Ohio"},
{"name":"Amargo","age":14,"class":10,"state":"Missouri"},
{"name":"Johnna","age":14,"class":10,"state":"Virginia"},
{"name":"Conni","age":14,"class":12,"state":"Georgia"},
{"name":"Mair","age":14,"class":8,"state":"Georgia"},
{"name":"Ingrid","age":14,"class":8,"state":"Ohio"},
{"name":"Ami","age":14,"class":11,"state":"South Carolina"},
{"name":"Harvey","age":14,"class":9,"state":"District of Columbia"},
{"name":"Corina","age":14,"class":11,"state":"Washington"},
{"name":"Candis","age":14,"class":12,"state":"Wisconsin"},
{"name":"Oriana","age":14,"class":10,"state":"North Carolina"},
{"name":"Gaston","age":14,"class":9,"state":"Nevada"},
{"name":"Tobe","age":14,"class":11,"state":"Pennsylvania"},
{"name":"Matthias","age":14,"class":11,"state":"Illinois"},
{"name":"Roze","age":14,"class":8,"state":"Kentucky"},
{"name":"Shalne","age":14,"class":12,"state":"Oklahoma"},
{"name":"Timothee","age":14,"class":9,"state":"District of Columbia"},
{"name":"Samson","age":14,"class":11,"state":"Texas"},
{"name":"Oliviero","age":14,"class":9,"state":"California"},
{"name":"Ricki","age":14,"class":11,"state":"Michigan"},
{"name":"Georgiana","age":14,"class":11,"state":"Florida"},
{"name":"Mercie","age":14,"class":8,"state":"Missouri"},
{"name":"Ancell","age":14,"class":10,"state":"Colorado"},
{"name":"Baird","age":14,"class":8,"state":"Washington"},
{"name":"Jaimie","age":14,"class":12,"state":"Indiana"},
{"name":"Belia","age":14,"class":9,"state":"New Jersey"},
{"name":"Flossy","age":14,"class":8,"state":"Missouri"},
{"name":"Darice","age":14,"class":12,"state":"Texas"},
{"name":"Winni","age":14,"class":10,"state":"North Dakota"},
{"name":"Lindon","age":14,"class":10,"state":"North Dakota"},
{"name":"Prudi","age":14,"class":9,"state":"Oregon"},
{"name":"Daryl","age":14,"class":11,"state":"North Carolina"},
{"name":"Milzie","age":14,"class":9,"state":"Pennsylvania"},
{"name":"Layney","age":14,"class":8,"state":"California"},
{"name":"Farlay","age":14,"class":12,"state":"Connecticut"},
{"name":"Jack","age":14,"class":10,"state":"California"},
{"name":"Dru","age":14,"class":12,"state":"District of Columbia"},
{"name":"Jacinthe","age":14,"class":12,"state":"Texas"},
{"name":"Lucille","age":14,"class":10,"state":"Michigan"},
{"name":"Chancey","age":14,"class":12,"state":"Virginia"},
{"name":"Charlton","age":14,"class":12,"state":"Virginia"},
{"name":"Dominga","age":14,"class":8,"state":"Iowa"},
{"name":"Arda","age":14,"class":12,"state":"Louisiana"},
{"name":"Gareth","age":14,"class":10,"state":"Florida"},
{"name":"Caritta","age":14,"class":8,"state":"Florida"},
{"name":"Elysee","age":14,"class":10,"state":"Texas"},
{"name":"Tamara","age":14,"class":9,"state":"District of Columbia"},
{"name":"Venita","age":14,"class":11,"state":"Michigan"},
{"name":"Lucas","age":14,"class":8,"state":"North Carolina"},
{"name":"Winnie","age":14,"class":9,"state":"New Jersey"},
{"name":"Vikki","age":14,"class":9,"state":"Louisiana"},
{"name":"Kippie","age":14,"class":12,"state":"Texas"},
{"name":"Corette","age":14,"class":9,"state":"Utah"},
{"name":"Olenka","age":14,"class":11,"state":"California"},
{"name":"Reuben","age":14,"class":12,"state":"Texas"},
{"name":"Nat","age":14,"class":11,"state":"New York"},
{"name":"Sumner","age":14,"class":12,"state":"Ohio"},
{"name":"Gaby","age":14,"class":10,"state":"California"},
{"name":"Woodrow","age":14,"class":12,"state":"District of Columbia"},
{"name":"Rachel","age":14,"class":10,"state":"Nevada"},
{"name":"Mort","age":14,"class":10,"state":"California"},
{"name":"Anselma","age":14,"class":9,"state":"Texas"},
{"name":"Mariette","age":14,"class":9,"state":"Nebraska"},
{"name":"Ruben","age":14,"class":11,"state":"Oregon"},
{"name":"Cletis","age":14,"class":8,"state":"Texas"},
{"name":"Eugine","age":14,"class":12,"state":"District of Columbia"},
{"name":"Sol","age":14,"class":10,"state":"Nebraska"},
{"name":"Mickie","age":14,"class":10,"state":"Massachusetts"},
{"name":"Dalston","age":14,"class":9,"state":"Michigan"},
{"name":"Omar","age":14,"class":8,"state":"Colorado"},
{"name":"Wiley","age":14,"class":12,"state":"Massachusetts"},
{"name":"Iver","age":14,"class":12,"state":"Oklahoma"},
{"name":"Clementine","age":14,"class":11,"state":"Oklahoma"},
{"name":"Rafaellle","age":14,"class":8,"state":"New York"},
{"name":"Addison","age":14,"class":11,"state":"Oklahoma"},
{"name":"Nerty","age":14,"class":10,"state":"California"},
{"name":"Max","age":14,"class":10,"state":"Texas"},
{"name":"Kristin","age":14,"class":10,"state":"Oklahoma"},
{"name":"Mab","age":14,"class":9,"state":"Missouri"},
{"name":"Baudoin","age":14,"class":11,"state":"Georgia"},
{"name":"Korrie","age":14,"class":10,"state":"Pennsylvania"},
{"name":"Colly","age":14,"class":9,"state":"California"},
{"name":"Bonni","age":14,"class":9,"state":"Michigan"},
{"name":"Marsiella","age":14,"class":10,"state":"Wisconsin"},
{"name":"Cleveland","age":14,"class":11,"state":"Iowa"},
{"name":"Meir","age":14,"class":11,"state":"Illinois"},
{"name":"Alia","age":14,"class":8,"state":"Oklahoma"},
{"name":"Abbott","age":14,"class":11,"state":"New York"},
{"name":"Willis","age":14,"class":8,"state":"South Dakota"},
{"name":"Rhett","age":14,"class":11,"state":"Michigan"},
{"name":"Pamelina","age":14,"class":9,"state":"California"},
{"name":"Cullie","age":14,"class":8,"state":"District of Columbia"},
{"name":"Morris","age":14,"class":10,"state":"Minnesota"},
{"name":"Jason","age":14,"class":11,"state":"New York"},
{"name":"Torrence","age":14,"class":9,"state":"Maryland"},
{"name":"Nari","age":14,"class":8,"state":"California"},
{"name":"Elizabeth","age":14,"class":8,"state":"Illinois"},
{"name":"Friederike","age":14,"class":10,"state":"Texas"},
{"name":"Vera","age":14,"class":8,"state":"California"},
{"name":"Bernelle","age":14,"class":11,"state":"Georgia"},
{"name":"Isaac","age":14,"class":9,"state":"Louisiana"},
{"name":"Kimberli","age":14,"class":10,"state":"Connecticut"},
{"name":"Klement","age":14,"class":9,"state":"Washington"},
{"name":"Hewett","age":14,"class":8,"state":"Florida"},
{"name":"Erich","age":14,"class":12,"state":"Maryland"},
{"name":"Faydra","age":14,"class":8,"state":"New York"},
{"name":"Suzie","age":14,"class":12,"state":"Massachusetts"},
{"name":"Cy","age":14,"class":10,"state":"Texas"},
{"name":"Cinnamon","age":14,"class":12,"state":"North Dakota"},
{"name":"Lindie","age":14,"class":8,"state":"Texas"},
{"name":"Hope","age":14,"class":9,"state":"Washington"},
{"name":"Alasteir","age":14,"class":9,"state":"Florida"},
{"name":"Walliw","age":14,"class":12,"state":"Texas"},
{"name":"Sayers","age":14,"class":10,"state":"Wisconsin"},
{"name":"Gino","age":14,"class":10,"state":"Tennessee"},
{"name":"Dorine","age":14,"class":9,"state":"Georgia"},
{"name":"Nichol","age":14,"class":9,"state":"California"},
{"name":"Ernesto","age":14,"class":12,"state":"Texas"},
{"name":"Cori","age":14,"class":10,"state":"Texas"},
{"name":"Henriette","age":14,"class":12,"state":"Nebraska"},
{"name":"Bette","age":14,"class":11,"state":"Missouri"},
{"name":"Eugenius","age":14,"class":8,"state":"Florida"},
{"name":"Helga","age":14,"class":9,"state":"Maryland"},
{"name":"Haslett","age":14,"class":8,"state":"California"},
{"name":"Maurie","age":14,"class":8,"state":"California"},
{"name":"Ermentrude","age":14,"class":8,"state":"West Virginia"},
{"name":"Jordanna","age":14,"class":8,"state":"Colorado"},
{"name":"Angelique","age":14,"class":10,"state":"California"},
{"name":"Logan","age":14,"class":11,"state":"Texas"},
{"name":"Kahaleel","age":14,"class":11,"state":"Florida"},
{"name":"Ramsay","age":14,"class":10,"state":"Pennsylvania"},
{"name":"Buffy","age":14,"class":11,"state":"California"},
{"name":"Xenos","age":14,"class":11,"state":"Georgia"},
{"name":"Avictor","age":14,"class":8,"state":"Florida"},
{"name":"Vida","age":14,"class":12,"state":"Washington"},
{"name":"Gabriela","age":14,"class":12,"state":"Florida"},
{"name":"Tallie","age":14,"class":12,"state":"District of Columbia"},
{"name":"Corrine","age":14,"class":12,"state":"Iowa"},
{"name":"Cal","age":14,"class":10,"state":"Louisiana"},
{"name":"Cordie","age":14,"class":10,"state":"Virginia"},
{"name":"Brantley","age":14,"class":11,"state":"California"},
{"name":"Jacinta","age":14,"class":11,"state":"Texas"},
{"name":"Tersina","age":14,"class":11,"state":"Ohio"},
{"name":"Ganny","age":14,"class":12,"state":"Florida"},
{"name":"Ezri","age":14,"class":10,"state":"Ohio"},
{"name":"Brent","age":14,"class":9,"state":"Virginia"},
{"name":"Marco","age":14,"class":9,"state":"Texas"},
{"name":"Coral","age":14,"class":9,"state":"Ohio"},
{"name":"Nial","age":14,"class":10,"state":"California"},
{"name":"Yettie","age":14,"class":9,"state":"New York"},
{"name":"Linea","age":14,"class":10,"state":"Florida"},
{"name":"Kurtis","age":14,"class":11,"state":"California"},
{"name":"Vilma","age":14,"class":8,"state":"Wisconsin"},
{"name":"Jan","age":14,"class":8,"state":"New York"},
{"name":"Garth","age":14,"class":11,"state":"California"},
{"name":"Thedric","age":14,"class":9,"state":"California"},
{"name":"Ralph","age":14,"class":8,"state":"Texas"},
{"name":"Belita","age":14,"class":8,"state":"Florida"},
{"name":"Rebe","age":14,"class":8,"state":"Alabama"},
{"name":"Patrice","age":14,"class":10,"state":"Florida"},
{"name":"Gizela","age":14,"class":8,"state":"Virginia"},
{"name":"Audy","age":14,"class":11,"state":"California"},
{"name":"Fayina","age":14,"class":10,"state":"New Mexico"},
{"name":"Mayer","age":14,"class":9,"state":"Indiana"},
{"name":"Sascha","age":14,"class":12,"state":"Georgia"},
{"name":"Jasun","age":14,"class":10,"state":"Texas"},
{"name":"Barnard","age":14,"class":10,"state":"Texas"},
{"name":"Francois","age":14,"class":8,"state":"South Carolina"},
{"name":"Amerigo","age":14,"class":9,"state":"Florida"},
{"name":"Linette","age":14,"class":10,"state":"District of Columbia"},
{"name":"Mischa","age":14,"class":9,"state":"Florida"},
{"name":"Coleman","age":14,"class":10,"state":"Texas"},
{"name":"Fulton","age":14,"class":8,"state":"Kansas"},
{"name":"Caprice","age":14,"class":9,"state":"Kentucky"},
{"name":"Zulema","age":14,"class":11,"state":"Indiana"},
{"name":"Aura","age":14,"class":10,"state":"Tennessee"},
{"name":"Anthe","age":14,"class":9,"state":"Indiana"},
{"name":"Westbrooke","age":14,"class":10,"state":"California"},
{"name":"Edithe","age":14,"class":11,"state":"Missouri"},
{"name":"Ellynn","age":14,"class":10,"state":"Arkansas"},
{"name":"Brocky","age":14,"class":9,"state":"California"},
{"name":"Mala","age":14,"class":10,"state":"California"},
{"name":"Welch","age":14,"class":9,"state":"Illinois"},
{"name":"Hayward","age":14,"class":9,"state":"California"},
{"name":"Charline","age":14,"class":11,"state":"Washington"},
{"name":"Melinda","age":14,"class":11,"state":"Virginia"},
{"name":"Peadar","age":14,"class":8,"state":"California"},
{"name":"Hasheem","age":14,"class":10,"state":"California"},
{"name":"Jamey","age":14,"class":12,"state":"Florida"},
{"name":"Madalyn","age":14,"class":10,"state":"Texas"},
{"name":"Jamie","age":14,"class":9,"state":"Oklahoma"},
{"name":"Ulysses","age":14,"class":12,"state":"California"},
{"name":"Brunhilda","age":14,"class":8,"state":"Michigan"},
{"name":"Leland","age":14,"class":12,"state":"Pennsylvania"},
{"name":"Mellicent","age":14,"class":9,"state":"Pennsylvania"},
{"name":"Fara","age":14,"class":9,"state":"California"},
{"name":"Nanete","age":14,"class":8,"state":"Arizona"},
{"name":"Amaleta","age":14,"class":11,"state":"Minnesota"},
{"name":"Vinny","age":14,"class":10,"state":"Indiana"},
{"name":"Dana","age":14,"class":8,"state":"Ohio"},
{"name":"Adela","age":14,"class":9,"state":"South Dakota"},
{"name":"Marion","age":14,"class":9,"state":"Ohio"},
{"name":"Any","age":14,"class":9,"state":"New York"},
{"name":"Skip","age":14,"class":9,"state":"Illinois"},
{"name":"Dotty","age":14,"class":11,"state":"Pennsylvania"},
{"name":"Waiter","age":14,"class":11,"state":"Louisiana"},
{"name":"Korey","age":14,"class":8,"state":"Indiana"},
{"name":"Arnold","age":14,"class":11,"state":"Florida"},
{"name":"Rodrique","age":14,"class":12,"state":"North Carolina"},
{"name":"Storm","age":14,"class":8,"state":"Texas"},
{"name":"Athena","age":14,"class":11,"state":"California"},
{"name":"Brendan","age":14,"class":8,"state":"Illinois"},
{"name":"Amalita","age":14,"class":12,"state":"Georgia"},
{"name":"Emelina","age":14,"class":12,"state":"Wisconsin"},
{"name":"Valaree","age":14,"class":10,"state":"Idaho"},
{"name":"Heidie","age":14,"class":12,"state":"Tennessee"},
{"name":"Di","age":14,"class":10,"state":"Texas"},
{"name":"Bernette","age":14,"class":11,"state":"Wisconsin"},
{"name":"Trumaine","age":14,"class":11,"state":"Florida"},
{"name":"Zsazsa","age":14,"class":8,"state":"Tennessee"},
{"name":"Annadiana","age":14,"class":9,"state":"Washington"},
{"name":"Merola","age":14,"class":9,"state":"Kentucky"},
{"name":"Mellisa","age":14,"class":11,"state":"Indiana"},
{"name":"Walther","age":14,"class":12,"state":"Washington"},
{"name":"Erl","age":14,"class":12,"state":"Texas"},
{"name":"Petronilla","age":14,"class":11,"state":"Virginia"},
{"name":"Belita","age":14,"class":8,"state":"California"},
{"name":"Cointon","age":14,"class":10,"state":"Missouri"},
{"name":"Alyson","age":14,"class":10,"state":"North Carolina"},
{"name":"Marjory","age":14,"class":10,"state":"Nevada"},
{"name":"Claus","age":14,"class":12,"state":"District of Columbia"},
{"name":"Levin","age":14,"class":9,"state":"Louisiana"},
{"name":"Melli","age":14,"class":8,"state":"Pennsylvania"},
{"name":"Filip","age":14,"class":8,"state":"Florida"},
{"name":"Lucho","age":14,"class":9,"state":"Florida"},
{"name":"Reider","age":14,"class":8,"state":"Louisiana"},
{"name":"Sly","age":14,"class":11,"state":"Florida"},
{"name":"Svend","age":14,"class":11,"state":"Michigan"},
{"name":"Ossie","age":14,"class":11,"state":"California"},
{"name":"Yvette","age":14,"class":11,"state":"Pennsylvania"},
{"name":"Eolanda","age":14,"class":12,"state":"Missouri"},
{"name":"Eula","age":14,"class":10,"state":"Louisiana"},
{"name":"Sheilah","age":14,"class":11,"state":"Minnesota"},
{"name":"Natty","age":14,"class":9,"state":"Maryland"},
{"name":"Kristo","age":14,"class":12,"state":"New York"},
{"name":"Herschel","age":14,"class":10,"state":"Florida"},
{"name":"Dugald","age":14,"class":10,"state":"Virginia"},
{"name":"Rodi","age":14,"class":9,"state":"South Carolina"},
{"name":"Gray","age":14,"class":8,"state":"New York"},
{"name":"Olva","age":14,"class":8,"state":"Colorado"},
{"name":"Bank","age":14,"class":8,"state":"Texas"},
{"name":"Trumaine","age":14,"class":11,"state":"Utah"},
{"name":"Car","age":14,"class":12,"state":"Texas"},
{"name":"Terrel","age":14,"class":10,"state":"California"},
{"name":"Fons","age":14,"class":11,"state":"California"},
{"name":"Ilysa","age":14,"class":10,"state":"Minnesota"},
{"name":"Hyatt","age":14,"class":9,"state":"Texas"},
{"name":"Nissy","age":14,"class":8,"state":"Michigan"},
{"name":"Bernete","age":14,"class":9,"state":"Kansas"},
{"name":"Marten","age":14,"class":11,"state":"Texas"},
{"name":"Dante","age":14,"class":8,"state":"Pennsylvania"},
{"name":"Radcliffe","age":14,"class":10,"state":"Texas"},
{"name":"Nikaniki","age":14,"class":10,"state":"Georgia"},
{"name":"Harlie","age":14,"class":12,"state":"Pennsylvania"},
{"name":"Nancee","age":14,"class":11,"state":"New York"},
{"name":"Padraig","age":14,"class":12,"state":"Michigan"},
{"name":"Raeann","age":14,"class":9,"state":"California"},
{"name":"Ernesta","age":14,"class":8,"state":"Pennsylvania"},
{"name":"Kalil","age":14,"class":11,"state":"Arizona"},
{"name":"Gabie","age":14,"class":10,"state":"Indiana"},
{"name":"Diandra","age":14,"class":11,"state":"Texas"},
{"name":"Waldon","age":14,"class":8,"state":"Texas"},
{"name":"Sax","age":14,"class":8,"state":"New York"},
{"name":"Gino","age":14,"class":9,"state":"California"},
{"name":"Catriona","age":14,"class":10,"state":"Indiana"},
{"name":"Hildy","age":14,"class":8,"state":"Montana"},
{"name":"Blondy","age":14,"class":11,"state":"Virginia"},
{"name":"Stanton","age":14,"class":8,"state":"Texas"},
{"name":"Terrance","age":14,"class":12,"state":"Virginia"},
{"name":"Corabel","age":14,"class":9,"state":"Ohio"},
{"name":"Lynnelle","age":14,"class":10,"state":"Texas"},
{"name":"Gran","age":14,"class":10,"state":"District of Columbia"},
{"name":"Remington","age":14,"class":10,"state":"California"},
{"name":"Godard","age":14,"class":11,"state":"New York"},
{"name":"Halley","age":14,"class":12,"state":"Oklahoma"},
{"name":"Raddy","age":14,"class":9,"state":"Nevada"},
{"name":"Nonah","age":14,"class":11,"state":"Texas"},
{"name":"Aubrette","age":14,"class":10,"state":"South Carolina"},
{"name":"Gustavus","age":14,"class":8,"state":"Pennsylvania"},
{"name":"Rickard","age":14,"class":10,"state":"Texas"},
{"name":"Damien","age":14,"class":8,"state":"Florida"},
{"name":"Olly","age":14,"class":12,"state":"Ohio"},
{"name":"Nessa","age":14,"class":8,"state":"Alaska"},
{"name":"Sylvester","age":14,"class":9,"state":"California"},
{"name":"Katrine","age":14,"class":10,"state":"Maine"},
{"name":"Almeria","age":14,"class":11,"state":"Florida"},
{"name":"Tory","age":14,"class":9,"state":"Texas"},
{"name":"Angelita","age":14,"class":8,"state":"Alabama"},
{"name":"Bar","age":14,"class":9,"state":"Ohio"},
{"name":"Lou","age":14,"class":9,"state":"Kansas"},
{"name":"Shaylynn","age":14,"class":9,"state":"Texas"},
{"name":"Mickie","age":14,"class":8,"state":"Maryland"},
{"name":"Bernette","age":14,"class":12,"state":"Texas"},
{"name":"Tanney","age":14,"class":11,"state":"Colorado"},
{"name":"Francois","age":14,"class":12,"state":"District of Columbia"},
{"name":"Felizio","age":14,"class":11,"state":"Florida"},
{"name":"Faythe","age":14,"class":9,"state":"Georgia"},
{"name":"Emmy","age":14,"class":11,"state":"North Carolina"},
{"name":"Orland","age":14,"class":8,"state":"New York"},
{"name":"Donavon","age":14,"class":12,"state":"Georgia"},
{"name":"Karon","age":14,"class":12,"state":"Oklahoma"},
{"name":"Hercules","age":14,"class":9,"state":"Nevada"},
{"name":"Maryrose","age":14,"class":12,"state":"Minnesota"},
{"name":"Rona","age":14,"class":10,"state":"New York"},
{"name":"Pat","age":14,"class":9,"state":"Florida"},
{"name":"Mora","age":14,"class":12,"state":"California"},
{"name":"Lavina","age":14,"class":10,"state":"New York"},
{"name":"Paul","age":14,"class":8,"state":"Ohio"},
{"name":"Lonee","age":14,"class":8,"state":"New Jersey"},
{"name":"Riane","age":14,"class":8,"state":"Maryland"},
{"name":"Lucian","age":14,"class":9,"state":"Alabama"},
{"name":"Mil","age":14,"class":8,"state":"Maine"},
{"name":"Glenna","age":14,"class":12,"state":"Minnesota"},
{"name":"Lauryn","age":14,"class":9,"state":"Arizona"},
{"name":"Pandora","age":14,"class":9,"state":"Texas"},
{"name":"Lexis","age":14,"class":9,"state":"Alabama"},
{"name":"Gabbie","age":14,"class":8,"state":"Washington"},
{"name":"Mathilda","age":14,"class":8,"state":"Minnesota"},
{"name":"Jone","age":14,"class":8,"state":"Texas"},
{"name":"Stevie","age":14,"class":9,"state":"Alabama"},
{"name":"Maynord","age":14,"class":9,"state":"California"},
{"name":"Katherine","age":14,"class":10,"state":"New York"},
{"name":"Josepha","age":14,"class":10,"state":"Pennsylvania"},
{"name":"Shanta","age":14,"class":9,"state":"New York"},
{"name":"Kin","age":14,"class":10,"state":"District of Columbia"},
{"name":"Romola","age":14,"class":9,"state":"Washington"},
{"name":"Harrie","age":14,"class":8,"state":"Wisconsin"},
{"name":"Gibbie","age":14,"class":11,"state":"California"},
{"name":"Dorisa","age":14,"class":9,"state":"Vermont"},
{"name":"Bram","age":14,"class":10,"state":"New York"},
{"name":"Giffard","age":14,"class":12,"state":"Virginia"},
{"name":"Emmit","age":14,"class":9,"state":"Massachusetts"},
{"name":"Henrieta","age":14,"class":10,"state":"Illinois"},
{"name":"Itch","age":14,"class":11,"state":"Ohio"},
{"name":"Georgeanna","age":14,"class":11,"state":"Tennessee"},
{"name":"Constanta","age":14,"class":9,"state":"Texas"},
{"name":"Hannis","age":14,"class":12,"state":"Connecticut"},
{"name":"Roberto","age":14,"class":11,"state":"Texas"},
{"name":"Nilson","age":14,"class":8,"state":"Minnesota"},
{"name":"Carola","age":14,"class":10,"state":"Virginia"},
{"name":"Oralie","age":14,"class":11,"state":"Tennessee"},
{"name":"Janot","age":14,"class":10,"state":"New York"},
{"name":"Gilbert","age":14,"class":12,"state":"Illinois"},
{"name":"Anissa","age":14,"class":9,"state":"Missouri"},
{"name":"Jilli","age":14,"class":8,"state":"Wisconsin"},
{"name":"Petey","age":14,"class":9,"state":"District of Columbia"},
{"name":"Stearn","age":14,"class":11,"state":"Illinois"},
{"name":"Akim","age":14,"class":12,"state":"Washington"},
{"name":"Laura","age":14,"class":8,"state":"Oregon"},
{"name":"Howard","age":14,"class":8,"state":"California"},
{"name":"Shae","age":14,"class":12,"state":"Texas"},
{"name":"Emelita","age":14,"class":10,"state":"Missouri"},
{"name":"Traver","age":14,"class":8,"state":"Minnesota"},
{"name":"Parrnell","age":14,"class":8,"state":"Texas"},
{"name":"Susette","age":14,"class":10,"state":"Ohio"},
{"name":"Dan","age":14,"class":9,"state":"California"},
{"name":"Pace","age":14,"class":11,"state":"Washington"},
{"name":"Brenda","age":14,"class":9,"state":"Texas"},
{"name":"Marvin","age":14,"class":10,"state":"Florida"},
{"name":"Elmo","age":14,"class":11,"state":"District of Columbia"},
{"name":"Kendell","age":14,"class":10,"state":"California"},
{"name":"Penni","age":14,"class":9,"state":"Virginia"},
{"name":"Harlan","age":14,"class":11,"state":"California"},
{"name":"Nelson","age":14,"class":9,"state":"Louisiana"},
{"name":"Leif","age":14,"class":8,"state":"Wisconsin"},
{"name":"Tan","age":14,"class":10,"state":"Massachusetts"},
{"name":"Juan","age":14,"class":10,"state":"Idaho"},
{"name":"Brynna","age":14,"class":10,"state":"Oklahoma"},
{"name":"Morgan","age":14,"class":12,"state":"Texas"},
{"name":"Normie","age":14,"class":8,"state":"New Mexico"},
{"name":"Noel","age":14,"class":11,"state":"Illinois"},
{"name":"Rancell","age":14,"class":12,"state":"Ohio"},
{"name":"Kenton","age":14,"class":8,"state":"Tennessee"},
{"name":"Sabrina","age":14,"class":8,"state":"Arizona"},
{"name":"Nani","age":14,"class":9,"state":"West Virginia"},
{"name":"Pierce","age":14,"class":10,"state":"California"},
{"name":"Valina","age":14,"class":9,"state":"Missouri"},
{"name":"Duncan","age":14,"class":12,"state":"Iowa"},
{"name":"Nikoletta","age":14,"class":10,"state":"Florida"},
{"name":"Correna","age":14,"class":11,"state":"Minnesota"},
{"name":"Cecilia","age":14,"class":9,"state":"Michigan"},
{"name":"Ortensia","age":14,"class":12,"state":"North Carolina"},
{"name":"Fenelia","age":14,"class":12,"state":"New York"},
{"name":"Faustine","age":14,"class":9,"state":"Louisiana"},
{"name":"Erinna","age":14,"class":8,"state":"Ohio"},
{"name":"Aviva","age":14,"class":9,"state":"Oregon"},
{"name":"Hugibert","age":14,"class":9,"state":"Virginia"},
{"name":"Jacintha","age":14,"class":9,"state":"California"},
{"name":"Gussy","age":14,"class":10,"state":"Texas"},
{"name":"Lorianne","age":14,"class":9,"state":"Minnesota"},
{"name":"Sibyl","age":14,"class":12,"state":"Louisiana"},
{"name":"Wiatt","age":14,"class":11,"state":"California"},
{"name":"Giffy","age":14,"class":12,"state":"Texas"},
{"name":"Philly","age":14,"class":11,"state":"Texas"},
{"name":"Hart","age":14,"class":12,"state":"North Carolina"},
{"name":"Fin","age":14,"class":11,"state":"Virginia"},
{"name":"Todd","age":14,"class":11,"state":"New York"},
{"name":"Jeddy","age":14,"class":10,"state":"Connecticut"},
{"name":"Finn","age":14,"class":10,"state":"South Dakota"},
{"name":"Franny","age":14,"class":12,"state":"Florida"},
{"name":"Elsbeth","age":14,"class":11,"state":"California"},
{"name":"Harlie","age":14,"class":12,"state":"North Carolina"},
{"name":"Ivory","age":14,"class":11,"state":"District of Columbia"},
{"name":"Tana","age":14,"class":11,"state":"Texas"},
{"name":"Briano","age":14,"class":12,"state":"Texas"},
{"name":"Darrick","age":14,"class":8,"state":"New York"},
{"name":"Verena","age":14,"class":10,"state":"Oklahoma"},
{"name":"Claudia","age":14,"class":10,"state":"Georgia"},
{"name":"Sandro","age":14,"class":9,"state":"Florida"},
{"name":"Adrianna","age":14,"class":12,"state":"Florida"},
{"name":"Rosanne","age":14,"class":8,"state":"Texas"},
{"name":"Brandy","age":14,"class":10,"state":"Pennsylvania"},
{"name":"Thedrick","age":14,"class":11,"state":"Texas"},
{"name":"Ester","age":14,"class":12,"state":"Connecticut"},
{"name":"Nicolai","age":14,"class":10,"state":"Hawaii"},
{"name":"Darnall","age":14,"class":9,"state":"California"},
{"name":"Cornie","age":14,"class":10,"state":"New York"},
{"name":"Casi","age":14,"class":11,"state":"Pennsylvania"},
{"name":"Percy","age":14,"class":10,"state":"Texas"},
{"name":"Chevalier","age":14,"class":10,"state":"Texas"},
{"name":"Raff","age":14,"class":12,"state":"New York"},
{"name":"Verina","age":14,"class":10,"state":"Massachusetts"},
{"name":"Robyn","age":14,"class":10,"state":"West Virginia"},
{"name":"Leila","age":14,"class":12,"state":"North Carolina"},
{"name":"Gerladina","age":14,"class":9,"state":"Texas"},
{"name":"Scarface","age":14,"class":11,"state":"California"},
{"name":"Herby","age":14,"class":8,"state":"Pennsylvania"},
{"name":"Kerry","age":14,"class":12,"state":"Michigan"},
{"name":"Christabella","age":14,"class":8,"state":"Nebraska"},
{"name":"Osborn","age":14,"class":8,"state":"Massachusetts"},
{"name":"Nikolaus","age":14,"class":11,"state":"Washington"},
{"name":"Liv","age":14,"class":11,"state":"New Jersey"},
{"name":"Dana","age":14,"class":12,"state":"Florida"},
{"name":"Myron","age":14,"class":11,"state":"Virginia"},
{"name":"Natividad","age":14,"class":8,"state":"California"},
{"name":"Josefa","age":14,"class":9,"state":"Texas"},
{"name":"Nikolaus","age":14,"class":10,"state":"Michigan"},
{"name":"Daryl","age":14,"class":12,"state":"California"},
{"name":"Kerrill","age":14,"class":12,"state":"Florida"},
{"name":"Clo","age":14,"class":11,"state":"California"},
{"name":"Jillie","age":14,"class":8,"state":"Virginia"},
{"name":"Logan","age":14,"class":8,"state":"California"},
{"name":"Damian","age":14,"class":9,"state":"Missouri"},
{"name":"Floria","age":14,"class":12,"state":"California"},
{"name":"Jacquelin","age":14,"class":11,"state":"Georgia"},
{"name":"Errick","age":14,"class":12,"state":"Pennsylvania"},
{"name":"Wilton","age":14,"class":11,"state":"Pennsylvania"},
{"name":"Elmer","age":14,"class":10,"state":"California"},
{"name":"Josy","age":14,"class":11,"state":"Indiana"},
{"name":"Ann","age":14,"class":8,"state":"Texas"},
{"name":"Winni","age":14,"class":11,"state":"Florida"},
{"name":"Teresita","age":14,"class":8,"state":"New York"},
{"name":"Putnam","age":14,"class":12,"state":"Indiana"},
{"name":"Maia","age":14,"class":9,"state":"California"},
{"name":"Frasquito","age":14,"class":8,"state":"California"},
{"name":"Veronica","age":14,"class":9,"state":"Nevada"},
{"name":"Abby","age":14,"class":12,"state":"Florida"},
{"name":"Floyd","age":14,"class":10,"state":"Florida"},
{"name":"Jaquith","age":14,"class":9,"state":"Georgia"},
{"name":"Kurtis","age":14,"class":8,"state":"Hawaii"},
{"name":"Kathy","age":14,"class":9,"state":"California"},
{"name":"Eugine","age":14,"class":9,"state":"Texas"},
{"name":"Gavrielle","age":14,"class":11,"state":"Massachusetts"},
{"name":"Anthia","age":14,"class":8,"state":"Colorado"},
{"name":"Obie","age":14,"class":11,"state":"Missouri"},
{"name":"Jamesy","age":14,"class":10,"state":"Missouri"},
{"name":"Papagena","age":14,"class":9,"state":"Pennsylvania"},
{"name":"Ferdy","age":14,"class":12,"state":"Illinois"},
{"name":"Monroe","age":14,"class":9,"state":"Kentucky"},
{"name":"Saw","age":14,"class":11,"state":"Tennessee"},
{"name":"Marsiella","age":14,"class":12,"state":"Florida"},
{"name":"Chelsae","age":14,"class":9,"state":"Mississippi"},
{"name":"Fanchette","age":14,"class":11,"state":"Tennessee"},
{"name":"Donny","age":14,"class":8,"state":"Idaho"},
{"name":"Agosto","age":14,"class":12,"state":"Michigan"},
{"name":"Broderic","age":14,"class":8,"state":"Texas"},
{"name":"Odessa","age":14,"class":9,"state":"Texas"},
{"name":"Anthony","age":14,"class":9,"state":"Florida"},
{"name":"Lissie","age":14,"class":8,"state":"Missouri"},
{"name":"Gerta","age":14,"class":10,"state":"Ohio"},
{"name":"Hyatt","age":14,"class":11,"state":"Wisconsin"},
{"name":"Cosimo","age":14,"class":9,"state":"Massachusetts"},
{"name":"Ringo","age":14,"class":11,"state":"Colorado"},
{"name":"Wald","age":14,"class":8,"state":"Florida"},
{"name":"Dulciana","age":14,"class":11,"state":"Kansas"},
{"name":"Minnnie","age":14,"class":8,"state":"Florida"},
{"name":"Sallyann","age":14,"class":9,"state":"Washington"},
{"name":"Maryanna","age":14,"class":10,"state":"Pennsylvania"},
{"name":"Annabelle","age":14,"class":9,"state":"New York"},
{"name":"Holly-anne","age":14,"class":8,"state":"Washington"},
{"name":"Lawton","age":14,"class":9,"state":"Tennessee"},
{"name":"Melony","age":14,"class":8,"state":"New York"},
{"name":"Caro","age":14,"class":8,"state":"Texas"},
{"name":"Fonsie","age":14,"class":11,"state":"Virginia"},
{"name":"Biddie","age":14,"class":11,"state":"Missouri"},
{"name":"Bail","age":14,"class":8,"state":"Pennsylvania"},
{"name":"Reed","age":14,"class":10,"state":"Pennsylvania"},
{"name":"Otto","age":14,"class":10,"state":"New York"},
{"name":"Don","age":14,"class":12,"state":"North Carolina"},
{"name":"Jere","age":14,"class":9,"state":"Connecticut"},
{"name":"Warden","age":14,"class":12,"state":"Illinois"},
{"name":"Florry","age":14,"class":11,"state":"District of Columbia"},
{"name":"Fergus","age":14,"class":11,"state":"District of Columbia"},
{"name":"Janaya","age":14,"class":10,"state":"California"},
{"name":"Marni","age":14,"class":9,"state":"Massachusetts"},
{"name":"Merlina","age":14,"class":11,"state":"California"},
{"name":"Dix","age":14,"class":11,"state":"Texas"},
{"name":"Danella","age":14,"class":11,"state":"Minnesota"},
{"name":"Jehanna","age":14,"class":9,"state":"District of Columbia"},
{"name":"Rob","age":14,"class":11,"state":"Pennsylvania"},
{"name":"Alejandrina","age":14,"class":12,"state":"New York"},
{"name":"Eolanda","age":14,"class":11,"state":"Alabama"},
{"name":"Jephthah","age":14,"class":10,"state":"California"},
{"name":"Magdaia","age":14,"class":8,"state":"Ohio"},
{"name":"Jack","age":14,"class":8,"state":"District of Columbia"},
{"name":"Jemima","age":14,"class":11,"state":"Pennsylvania"},
{"name":"Dannie","age":14,"class":8,"state":"Hawaii"},
{"name":"Belva","age":14,"class":12,"state":"Florida"},
{"name":"Avril","age":14,"class":9,"state":"District of Columbia"},
{"name":"Caro","age":14,"class":10,"state":"California"},
{"name":"Bonita","age":14,"class":8,"state":"New York"},
{"name":"Wilone","age":14,"class":9,"state":"Iowa"},
{"name":"Gussy","age":14,"class":11,"state":"Louisiana"},
{"name":"Blair","age":14,"class":10,"state":"New York"},
{"name":"Mela","age":14,"class":12,"state":"Tennessee"},
{"name":"Palmer","age":14,"class":11,"state":"New York"},
{"name":"Guss","age":14,"class":10,"state":"Kansas"},
{"name":"Gage","age":14,"class":11,"state":"District of Columbia"},
{"name":"Valene","age":14,"class":11,"state":"Wisconsin"},
{"name":"Nealon","age":14,"class":10,"state":"Florida"},
{"name":"Lottie","age":14,"class":11,"state":"Florida"},
{"name":"Bent","age":14,"class":11,"state":"California"},
{"name":"Brianna","age":14,"class":10,"state":"Georgia"},
{"name":"Benton","age":14,"class":8,"state":"Pennsylvania"},
{"name":"Earlie","age":14,"class":12,"state":"Connecticut"},
{"name":"Merrill","age":14,"class":9,"state":"California"},
{"name":"Adelind","age":14,"class":12,"state":"New Mexico"},
{"name":"Carey","age":14,"class":11,"state":"Washington"},
{"name":"Else","age":14,"class":12,"state":"California"},
{"name":"Darelle","age":14,"class":12,"state":"Georgia"},
{"name":"Benedetta","age":14,"class":9,"state":"Florida"},
{"name":"Gordie","age":14,"class":11,"state":"Colorado"},
{"name":"Myrna","age":14,"class":12,"state":"California"},
{"name":"Georgi","age":14,"class":11,"state":"California"},
{"name":"Foss","age":14,"class":8,"state":"Virginia"},
{"name":"Marice","age":14,"class":12,"state":"Kansas"},
{"name":"Larina","age":14,"class":10,"state":"Texas"},
{"name":"Darcey","age":14,"class":11,"state":"Tennessee"},
{"name":"Raffarty","age":14,"class":12,"state":"Florida"},
{"name":"Welbie","age":14,"class":9,"state":"Kansas"},
{"name":"Jarred","age":14,"class":10,"state":"Kansas"},
{"name":"Annora","age":14,"class":12,"state":"Colorado"},
{"name":"Wood","age":14,"class":10,"state":"Nevada"},
{"name":"Jennica","age":14,"class":10,"state":"Tennessee"},
{"name":"Viole","age":14,"class":11,"state":"Pennsylvania"},
{"name":"Olly","age":14,"class":10,"state":"District of Columbia"},
{"name":"Charla","age":14,"class":8,"state":"Georgia"},
{"name":"Coral","age":14,"class":10,"state":"Colorado"},
{"name":"Marcy","age":14,"class":8,"state":"Massachusetts"},
{"name":"Helene","age":14,"class":10,"state":"Delaware"},
{"name":"Odelle","age":14,"class":10,"state":"Michigan"},
{"name":"Huntley","age":14,"class":12,"state":"Kentucky"},
{"name":"Nichols","age":14,"class":12,"state":"North Carolina"},
{"name":"Chandler","age":14,"class":10,"state":"District of Columbia"},
{"name":"Alanna","age":14,"class":9,"state":"Texas"},
{"name":"Gena","age":14,"class":11,"state":"Missouri"},
{"name":"Casper","age":14,"class":10,"state":"Missouri"},
{"name":"Ethan","age":14,"class":11,"state":"California"},
{"name":"Marabel","age":14,"class":9,"state":"Illinois"},
{"name":"Chaddie","age":14,"class":11,"state":"Utah"},
{"name":"Rurik","age":14,"class":10,"state":"Michigan"},
{"name":"Dunc","age":14,"class":8,"state":"Illinois"},
{"name":"Zonnya","age":14,"class":9,"state":"Washington"},
{"name":"Geraldine","age":14,"class":10,"state":"California"},
{"name":"Carey","age":14,"class":10,"state":"Wisconsin"},
{"name":"Wayland","age":14,"class":8,"state":"Indiana"},
{"name":"Vivia","age":14,"class":11,"state":"Wisconsin"},
{"name":"Gustavo","age":14,"class":12,"state":"Missouri"},
{"name":"Ibrahim","age":14,"class":12,"state":"Utah"},
{"name":"Constance","age":14,"class":10,"state":"Tennessee"},
{"name":"Horace","age":14,"class":8,"state":"Florida"},
{"name":"Consuela","age":14,"class":9,"state":"Connecticut"},
{"name":"Friedrick","age":14,"class":10,"state":"Minnesota"},
{"name":"Anthia","age":14,"class":11,"state":"Florida"},
{"name":"Berk","age":14,"class":12,"state":"Alabama"},
{"name":"Erika","age":14,"class":11,"state":"Georgia"},
{"name":"Bryna","age":14,"class":12,"state":"Ohio"},
{"name":"Carlie","age":14,"class":12,"state":"Arizona"},
{"name":"Klarrisa","age":14,"class":10,"state":"Texas"},
{"name":"Ernestus","age":14,"class":9,"state":"Washington"},
{"name":"Carlye","age":14,"class":11,"state":"Georgia"},
{"name":"Angus","age":14,"class":12,"state":"Minnesota"},
{"name":"Janeczka","age":14,"class":11,"state":"California"},
{"name":"Marie","age":14,"class":11,"state":"Texas"},
{"name":"Griffin","age":14,"class":11,"state":"Arkansas"},
{"name":"Darwin","age":14,"class":11,"state":"California"},
{"name":"Thaddus","age":14,"class":9,"state":"New York"},
{"name":"Tedie","age":14,"class":8,"state":"Texas"},
{"name":"Beckie","age":14,"class":12,"state":"Georgia"},
{"name":"Dulcine","age":14,"class":8,"state":"California"},
{"name":"Jemmy","age":14,"class":9,"state":"Georgia"},
{"name":"Linn","age":14,"class":10,"state":"California"},
{"name":"Randee","age":14,"class":8,"state":"Texas"},
{"name":"Finlay","age":14,"class":10,"state":"Ohio"},
{"name":"Frasier","age":14,"class":11,"state":"Georgia"},
{"name":"Mira","age":14,"class":8,"state":"Texas"}]